{"cameraMode":{"drawMode":0,"name":"Shaded","section":"Shading Mode"},"sceneLighting":true,"audioPlay":false,"sceneViewState":{"showFog":true,"showMaterialUpdate":true,"showSkybox":true,"showFlares":true,"showImageEffects":true,"showParticleSystems":true},"in2DMode":false,"pivot":{"x":15.46665096282959,"y":2.7699780464172365,"z":-0.9945540428161621},"rotation":{"x":0.2508885860443115,"y":0.03918742015957832,"z":-0.010165576823055745,"w":0.9671738147735596},"size":0.42894208431243899,"orthographic":false}